TRANSACTION_DATE,REPORTTYPE,ACCOUNT_HOLDER_ACCOUNT_ROLE,TRANSACTION_CURRENCY,TRANSACTION_AMOUNT,SERIAL_NUMBER,TRANSACTION_DESCRIPTION
2024-01-20,HOC,C,CNY,15000.00,HOC101,Daily HOC Credit in CNY
2024-01-20,HOC,D,CNY,8500.00,HOC102,Daily HOC Debit in CNY
2024-01-20,HOC,C,EUR,3500.25,HOC103,Daily HOC Credit in EUR
2024-01-20,HOC,D,EUR,2200.75,HOC104,Daily HOC Debit in EUR
2024-01-20,HOC,C,INR,95000.00,HOC105,Daily HOC Credit in INR
2024-01-20,HOC,D,INR,65000.00,HOC106,Daily HOC Debit in INR
2024-01-20,HOC,C,JPY,450000.00,HOC107,Daily HOC Credit in JPY
2024-01-20,HOC,D,JPY,320000.00,HOC108,Daily HOC Debit in JPY
2024-01-20,HOC,C,SGD,6200.00,HOC109,Daily HOC Credit in SGD
2024-01-20,HOC,D,SGD,4100.00,HOC110,Daily HOC Debit in SGD
2024-01-20,HOC,C,THB,125000.00,HOC111,Daily HOC Credit in THB
2024-01-20,HOC,D,THB,85000.00,HOC112,Daily HOC Debit in THB
2024-01-20,IBD,C,CNY,18000.00,IBD101,Daily IBD Credit in CNY
2024-01-20,IBD,D,CNY,12500.00,IBD102,Daily IBD Debit in CNY
2024-01-20,IBD,C,EUR,5200.50,IBD103,Daily IBD Credit in EUR
2024-01-20,IBD,D,EUR,3800.25,IBD104,Daily IBD Debit in EUR
2024-01-20,IBD,C,INR,155000.00,IBD105,Daily IBD Credit in INR
2024-01-20,IBD,D,INR,118000.00,IBD106,Daily IBD Debit in INR
2024-01-20,IBD,C,JPY,680000.00,IBD107,Daily IBD Credit in JPY
2024-01-20,IBD,D,JPY,520000.00,IBD108,Daily IBD Debit in JPY
2024-01-20,IBD,C,SGD,8500.00,IBD109,Daily IBD Credit in SGD
2024-01-20,IBD,D,SGD,6200.00,IBD110,Daily IBD Debit in SGD
2024-01-20,IBD,C,THB,185000.00,IBD111,Daily IBD Credit in THB
2024-01-20,IBD,D,THB,145000.00,IBD112,Daily IBD Debit in THB
2024-01-20,WU,C,CNY,22000.00,WU101,Daily WU Credit in CNY
2024-01-20,WU,D,CNY,16500.00,WU102,Daily WU Debit in CNY
2024-01-20,WU,C,EUR,7500.75,WU103,Daily WU Credit in EUR
2024-01-20,WU,D,EUR,5800.25,WU104,Daily WU Debit in EUR
2024-01-20,WU,C,INR,225000.00,WU105,Daily WU Credit in INR
2024-01-20,WU,D,INR,185000.00,WU106,Daily WU Debit in INR
2024-01-20,WU,C,JPY,950000.00,WU107,Daily WU Credit in JPY
2024-01-20,WU,D,JPY,750000.00,WU108,Daily WU Debit in JPY
2024-01-20,WU,C,SGD,12500.00,WU109,Daily WU Credit in SGD
2024-01-20,WU,D,SGD,9800.00,WU110,Daily WU Debit in SGD
2024-01-20,WU,C,THB,285000.00,WU111,Daily WU Credit in THB
2024-01-20,WU,D,THB,225000.00,WU112,Daily WU Debit in THB
