TRANSACTION_DATE,REPORTTYPE,ACCOUNT_HOLDER_ACCOUNT_ROLE,TRANSACTION_CURRENCY,TRANSACTION_AMOUNT,SERIAL_NUMBER,TRANSACTION_DESCRIPTION
2024-01-15,HOC,C,CNY,5000.00,HOC001,HOC Credit Transaction in Chinese Yuan
2024-01-15,HOC,D,CNY,3000.00,HOC002,HOC Debit Transaction in Chinese Yuan
2024-01-15,HOC,C,EUR,2500.50,HOC003,HOC Credit Transaction in Euro
2024-01-15,HOC,D,EUR,1800.75,HOC004,HOC Debit Transaction in Euro
2024-01-15,HOC,C,INR,75000.00,HOC005,HOC Credit Transaction in Indian Rupee
2024-01-15,HOC,D,INR,45000.00,HOC006,HOC Debit Transaction in Indian Rupee
2024-01-15,HOC,C,JPY,350000.00,HOC007,HOC Credit Transaction in Japanese Yen
2024-01-15,HOC,D,JPY,280000.00,HOC008,HOC Debit Transaction in Japanese Yen
2024-01-15,HOC,C,SGD,4200.00,HOC009,HOC Credit Transaction in Singapore Dollar
2024-01-15,HOC,D,SGD,3100.00,HOC010,HOC Debit Transaction in Singapore Dollar
2024-01-15,HOC,C,THB,95000.00,HOC011,HOC Credit Transaction in Thai Baht
2024-01-15,HOC,D,THB,72000.00,HOC012,HOC Debit Transaction in Thai Baht
2024-01-15,HOC,C,MMK,1500000.00,HOC013,HOC Credit Transaction in Myanmar Kyat
2024-01-15,HOC,D,MMK,1200000.00,HOC014,HOC Debit Transaction in Myanmar Kyat
2024-01-15,HOC,C,USD,3500.00,HOC015,HOC Credit Transaction in US Dollar
2024-01-15,HOC,D,USD,2800.00,HOC016,HOC Debit Transaction in US Dollar
2024-01-15,IBD,C,CNY,8000.00,IBD001,IBD Credit Transaction in Chinese Yuan
2024-01-15,IBD,D,CNY,6500.00,IBD002,IBD Debit Transaction in Chinese Yuan
2024-01-15,IBD,C,EUR,4200.25,IBD003,IBD Credit Transaction in Euro
2024-01-15,IBD,D,EUR,3800.50,IBD004,IBD Debit Transaction in Euro
2024-01-15,IBD,C,INR,125000.00,IBD005,IBD Credit Transaction in Indian Rupee
2024-01-15,IBD,D,INR,98000.00,IBD006,IBD Debit Transaction in Indian Rupee
2024-01-15,IBD,C,JPY,580000.00,IBD007,IBD Credit Transaction in Japanese Yen
2024-01-15,IBD,D,JPY,450000.00,IBD008,IBD Debit Transaction in Japanese Yen
2024-01-15,IBD,C,SGD,6800.00,IBD009,IBD Credit Transaction in Singapore Dollar
2024-01-15,IBD,D,SGD,5200.00,IBD010,IBD Debit Transaction in Singapore Dollar
2024-01-15,IBD,C,THB,155000.00,IBD011,IBD Credit Transaction in Thai Baht
2024-01-15,IBD,D,THB,128000.00,IBD012,IBD Debit Transaction in Thai Baht
2024-01-15,IBD,C,MMK,2500000.00,IBD013,IBD Credit Transaction in Myanmar Kyat
2024-01-15,IBD,D,MMK,1950000.00,IBD014,IBD Debit Transaction in Myanmar Kyat
2024-01-15,IBD,C,USD,5800.00,IBD015,IBD Credit Transaction in US Dollar
2024-01-15,IBD,D,USD,4600.00,IBD016,IBD Debit Transaction in US Dollar
2024-01-15,WU,C,CNY,12000.00,WU001,WU Credit Transaction in Chinese Yuan
2024-01-15,WU,D,CNY,9500.00,WU002,WU Debit Transaction in Chinese Yuan
2024-01-15,WU,C,EUR,6500.75,WU003,WU Credit Transaction in Euro
2024-01-15,WU,D,EUR,5200.25,WU004,WU Debit Transaction in Euro
2024-01-15,WU,C,INR,185000.00,WU005,WU Credit Transaction in Indian Rupee
2024-01-15,WU,D,INR,142000.00,WU006,WU Debit Transaction in Indian Rupee
2024-01-15,WU,C,JPY,850000.00,WU007,WU Credit Transaction in Japanese Yen
2024-01-15,WU,D,JPY,680000.00,WU008,WU Debit Transaction in Japanese Yen
2024-01-15,WU,C,SGD,9800.00,WU009,WU Credit Transaction in Singapore Dollar
2024-01-15,WU,D,SGD,7600.00,WU010,WU Debit Transaction in Singapore Dollar
2024-01-15,WU,C,THB,225000.00,WU011,WU Credit Transaction in Thai Baht
2024-01-15,WU,D,THB,185000.00,WU012,WU Debit Transaction in Thai Baht
2024-01-15,WU,C,MMK,3500000.00,WU013,WU Credit Transaction in Myanmar Kyat
2024-01-15,WU,D,MMK,2800000.00,WU014,WU Debit Transaction in Myanmar Kyat
2024-01-15,WU,C,USD,8500.00,WU015,WU Credit Transaction in US Dollar
2024-01-15,WU,D,USD,6800.00,WU016,WU Debit Transaction in US Dollar
