TRANSACTION_DATE,TRANSACTION_AMOUNT,TRANSACTION_CURRENCY,REPORTTYPE,ACCOUNT_HOLDER_ACCOUNT_ROLE,SERIAL_NO,CUSTOMER_ID,CUSTOMER_NAME,PARTICIPANT_NAME_CONDUCTOR,PARTICIPANT_NAME_COUNTERPARTY
01-MAR-25,900000000,MMK,HOC,CONDUCTOR,HOC005,CUST011,Sarah Johnson,Sarah Johnson,STU Bank
01-MAR-25,1100000000,MMK,HOC,CONDUCTOR,HOC006,CUST012,Mike Davis,Mike Davis,VWX Bank
01-MAR-25,700000000,MMK,HOC,CONDUCTOR,HOC007,CUST013,Lisa Wilson,Lisa Wilson,YZA Bank
01-MAR-25,20000,USD,WU,CONDUCTOR,WU004,CUST014,Tom Brown,Tom Brown,Western Union
01-MAR-25,25000,USD,WU,CONDUCTOR,WU005,CUST015,Anna Garcia,Anna Garcia,Western Union
