TRANSACTION_DATE,TRANSACTION_AMOUNT,TRANSACTION_CURRENCY,REPORTTYPE,ACCOUNT_HOLDER_ACCOUNT_ROLE,SERIAL_NO,CUSTOMER_ID,CUSTOMER_NAME,PARTICIPANT_NAME_CONDUCTOR,PARTICIPANT_NAME_COUNTERPARTY
28-FEB-25,1500000000,MMK,HOC,CONDUCTOR,HOC001,CUST001,John Doe,John Doe,ABC Bank
28-FEB-25,800000000,MMK,HOC,CONDUCTOR,HOC002,CUST002,Jane Smith,Jane Smith,XYZ Bank
28-FEB-25,2000000000,MMK,HOC,CONDUCTOR,HOC003,CUST003,Bob Johnson,Bob Johnson,DEF Bank
28-FEB-25,500000000,MMK,IBD,CONDUCTOR,IBD001,CUST004,Alice Brown,Alice Brown,GHI Bank
28-FEB-25,1200000000,MMK,IBD,CONDUCTOR,IBD002,CUST005,Charlie Wilson,Charlie Wilson,JKL Bank
28-FEB-25,300000000,MMK,IBD,CONDUCTOR,IBD003,CUST006,Diana Davis,Diana Davis,MNO Bank
28-FEB-25,15000,USD,WU,CONDUCTOR,WU001,CUST007,Eva Martinez,Eva Martinez,Western Union
28-FEB-25,8000,USD,WU,CONDUCTOR,WU002,CUST008,Frank Garcia,Frank Garcia,Western Union
28-FEB-25,12000,USD,WU,CONDUCTOR,WU003,CUST009,Grace Lee,Grace Lee,Western Union
28-FEB-25,600000000,MMK,HOC,CONDUCTOR,HOC004,CUST010,Henry Kim,Henry Kim,PQR Bank
